<annotation>
	<folder>Photo1</folder>
	<filename>cat_46.JPG</filename>
	<path>C:\Users\Falo\Desktop\Photo1\cat_46.JPG</path>
	<source>
		<database>Unknown</database>
	</source>
	<size>
		<width>189</width>
		<height>252</height>
		<depth>3</depth>
	</size>
	<segmented>0</segmented>
	<object>
		<name>westgirl</name>
		<pose>Unspecified</pose>
		<truncated>0</truncated>
		<difficult>0</difficult>
		<bndbox>
			<xmin>60</xmin>
			<ymin>2</ymin>
			<xmax>146</xmax>
			<ymax>193</ymax>
		</bndbox>
	</object>
</annotation>
