<annotation>
	<folder>Photo1</folder>
	<filename>cat_50.JPG</filename>
	<path>C:\Users\Falo\Desktop\Photo1\cat_50.JPG</path>
	<source>
		<database>Unknown</database>
	</source>
	<size>
		<width>756</width>
		<height>1008</height>
		<depth>3</depth>
	</size>
	<segmented>0</segmented>
	<object>
		<name>westgirl</name>
		<pose>Unspecified</pose>
		<truncated>1</truncated>
		<difficult>0</difficult>
		<bndbox>
			<xmin>24</xmin>
			<ymin>1</ymin>
			<xmax>515</xmax>
			<ymax>548</ymax>
		</bndbox>
	</object>
</annotation>
