<annotation>
	<folder>Photo1</folder>
	<filename>cat_41.JPG</filename>
	<path>C:\Users\Falo\Desktop\Photo1\cat_41.JPG</path>
	<source>
		<database>Unknown</database>
	</source>
	<size>
		<width>189</width>
		<height>252</height>
		<depth>3</depth>
	</size>
	<segmented>0</segmented>
	<object>
		<name>westgirl</name>
		<pose>Unspecified</pose>
		<truncated>1</truncated>
		<difficult>0</difficult>
		<bndbox>
			<xmin>1</xmin>
			<ymin>1</ymin>
			<xmax>185</xmax>
			<ymax>185</ymax>
		</bndbox>
	</object>
</annotation>
