<annotation>
	<folder>Photo1</folder>
	<filename>cat_52.JPG</filename>
	<path>C:\Users\Falo\Desktop\Photo1\cat_52.JPG</path>
	<source>
		<database>Unknown</database>
	</source>
	<size>
		<width>512</width>
		<height>384</height>
		<depth>3</depth>
	</size>
	<segmented>0</segmented>
	<object>
		<name>westboy</name>
		<pose>Unspecified</pose>
		<truncated>1</truncated>
		<difficult>0</difficult>
		<bndbox>
			<xmin>1</xmin>
			<ymin>18</ymin>
			<xmax>248</xmax>
			<ymax>307</ymax>
		</bndbox>
	</object>
</annotation>
